{
  "kuhn_poker": {
    "active_infoset": "P0|0pb",
    "num_terminals": 30,
    "num_infosets": 12,
    "terminals_per_level": {
      "0": 4,
      "1": 8,
      "2": 18
    },
    "theoretical": {
      "t_balanced": {
        "0": 0.13333333333333333,
        "1": 0.26666666666666666,
        "2": 0.6
      },
      "constant": {
        "0": 0.3333333333333333,
        "1": 0.3333333333333333,
        "2": 0.3333333333333333
      },
      "exp(0.7)": {
        "0": 0.4566210045662101,
        "1": 0.319634703196347,
        "2": 0.2237442922374429
      },
      "exp(0.5)": {
        "0": 0.5714285714285714,
        "1": 0.2857142857142857,
        "2": 0.14285714285714285
      },
      "exp(0.3)": {
        "0": 0.7194244604316548,
        "1": 0.21582733812949642,
        "2": 0.06474820143884892
      },
      "exp(0.1)": {
        "0": 0.9009009009009008,
        "1": 0.09009009009009009,
        "2": 0.00900900900900901
      },
      "step(0.25)": {
        "0": 0.6666666666666666,
        "1": 0.16666666666666666,
        "2": 0.16666666666666666
      },
      "step(0.1)": {
        "0": 0.8333333333333334,
        "1": 0.08333333333333334,
        "2": 0.08333333333333334
      },
      "step(0.01)": {
        "0": 0.9803921568627451,
        "1": 0.00980392156862745,
        "2": 0.00980392156862745
      },
      "poly(2)": {
        "0": 0.7346938775510203,
        "1": 0.18367346938775508,
        "2": 0.08163265306122448
      }
    },
    "empirical": {
      "t_balanced": {
        "0": 58,
        "1": 122,
        "2": 320
      },
      "constant": {
        "0": 174,
        "1": 161,
        "2": 165
      },
      "exp(0.7)": {
        "0": 224,
        "1": 152,
        "2": 124
      },
      "exp(0.5)": {
        "0": 303,
        "1": 130,
        "2": 67
      },
      "exp(0.3)": {
        "0": 369,
        "1": 95,
        "2": 36
      },
      "exp(0.1)": {
        "0": 453,
        "1": 38,
        "2": 9
      },
      "step(0.25)": {
        "0": 343,
        "1": 82,
        "2": 75
      },
      "step(0.1)": {
        "0": 428,
        "1": 36,
        "2": 36
      },
      "step(0.01)": {
        "0": 495,
        "1": 1,
        "2": 4
      },
      "poly(2)": {
        "0": 381,
        "1": 85,
        "2": 34
      }
    }
  },
  "leduc_poker": {
    "active_infoset": "P1|[Observer: 1][Private: 0][Round 2][Player: 1][Pot: 22][Money: 87 91][Public: 1][Round1: 1 2 2 1][Round2: 1 2 2]",
    "num_terminals": 5520,
    "num_infosets": 936,
    "terminals_per_level": {
      "0": 8,
      "1": 56,
      "2": 36,
      "3": 80,
      "4": 745,
      "5": 1295,
      "6": 1080,
      "7": 2220
    },
    "theoretical": {
      "t_balanced": {
        "0": 0.0014492753623188406,
        "1": 0.010144927536231883,
        "2": 0.006521739130434782,
        "3": 0.014492753623188406,
        "4": 0.13496376811594202,
        "5": 0.2346014492753623,
        "6": 0.1956521739130435,
        "7": 0.40217391304347827
      },
      "constant": {
        "0": 0.125,
        "1": 0.125,
        "2": 0.125,
        "3": 0.125,
        "4": 0.125,
        "5": 0.125,
        "6": 0.125,
        "7": 0.125
      },
      "exp(0.7)": {
        "0": 0.31835238125830245,
        "1": 0.2228466668808117,
        "2": 0.15599266681656818,
        "3": 0.10919486677159772,
        "4": 0.07643640674011841,
        "5": 0.05350548471808288,
        "6": 0.03745383930265801,
        "7": 0.026217687511860606
      },
      "exp(0.5)": {
        "0": 0.5019607843137255,
        "1": 0.25098039215686274,
        "2": 0.12549019607843137,
        "3": 0.06274509803921569,
        "4": 0.03137254901960784,
        "5": 0.01568627450980392,
        "6": 0.00784313725490196,
        "7": 0.00392156862745098
      },
      "exp(0.3)": {
        "0": 0.7000459300134682,
        "1": 0.21001377900404045,
        "2": 0.06300413370121213,
        "3": 0.018901240110363638,
        "4": 0.005670372033109092,
        "5": 0.0017011116099327273,
        "6": 0.0005103334829798182,
        "7": 0.00015310004489394545
      },
      "exp(0.1)": {
        "0": 0.9000000090000001,
        "1": 0.09000000090000002,
        "2": 0.009000000090000003,
        "3": 0.0009000000090000003,
        "4": 9.000000090000002e-05,
        "5": 9.000000090000004e-06,
        "6": 9.000000090000004e-07,
        "7": 9.000000090000003e-08
      },
      "step(0.25)": {
        "0": 0.36363636363636365,
        "1": 0.09090909090909091,
        "2": 0.09090909090909091,
        "3": 0.09090909090909091,
        "4": 0.09090909090909091,
        "5": 0.09090909090909091,
        "6": 0.09090909090909091,
        "7": 0.09090909090909091
      },
      "step(0.1)": {
        "0": 0.5882352941176471,
        "1": 0.05882352941176471,
        "2": 0.05882352941176471,
        "3": 0.05882352941176471,
        "4": 0.05882352941176471,
        "5": 0.05882352941176471,
        "6": 0.05882352941176471,
        "7": 0.05882352941176471
      },
      "step(0.01)": {
        "0": 0.9345794392523364,
        "1": 0.009345794392523364,
        "2": 0.009345794392523364,
        "3": 0.009345794392523364,
        "4": 0.009345794392523364,
        "5": 0.009345794392523364,
        "6": 0.009345794392523364,
        "7": 0.009345794392523364
      },
      "poly(2)": {
        "0": 0.6546978934798362,
        "1": 0.16367447336995905,
        "2": 0.07274421038664847,
        "3": 0.04091861834248976,
        "4": 0.02618791573919345,
        "5": 0.018186052596662117,
        "6": 0.013361181499588494,
        "7": 0.01022965458562244
      }
    },
    "empirical": {
      "t_balanced": {
        "0": 2,
        "1": 5,
        "2": 1,
        "3": 12,
        "4": 71,
        "5": 93,
        "6": 114,
        "7": 202
      },
      "constant": {
        "0": 70,
        "1": 55,
        "2": 56,
        "3": 74,
        "4": 53,
        "5": 54,
        "6": 68,
        "7": 70
      },
      "exp(0.7)": {
        "0": 155,
        "1": 113,
        "2": 73,
        "3": 48,
        "4": 41,
        "5": 29,
        "6": 24,
        "7": 17
      },
      "exp(0.5)": {
        "0": 258,
        "1": 116,
        "2": 65,
        "3": 31,
        "4": 16,
        "5": 8,
        "6": 4,
        "7": 2
      },
      "exp(0.3)": {
        "0": 369,
        "1": 94,
        "2": 23,
        "3": 6,
        "4": 5,
        "5": 3
      },
      "exp(0.1)": {
        "0": 465,
        "1": 30,
        "2": 5
      },
      "step(0.25)": {
        "0": 177,
        "1": 49,
        "2": 51,
        "3": 40,
        "4": 45,
        "5": 41,
        "6": 48,
        "7": 49
      },
      "step(0.1)": {
        "0": 294,
        "1": 32,
        "2": 23,
        "3": 30,
        "4": 29,
        "5": 34,
        "6": 25,
        "7": 33
      },
      "step(0.01)": {
        "0": 479,
        "1": 4,
        "2": 1,
        "3": 3,
        "4": 3,
        "6": 6,
        "7": 4
      },
      "poly(2)": {
        "0": 358,
        "1": 64,
        "2": 33,
        "3": 23,
        "4": 8,
        "5": 6,
        "6": 6,
        "7": 2
      }
    }
  },
  "goofspiel": {
    "active_infoset": "P1|Current player: 1\nP1 hand: 1 2 \nP1 action sequence: 2 3 \nPoint card sequence: 4 3 2 \nWin sequence: -3 -3 \nPoints: 0 0 \nTerminal?: 0\n",
    "num_terminals": 576,
    "num_infosets": 162,
    "terminals_per_level": {
      "0": 4,
      "2": 32,
      "4": 540
    },
    "theoretical": {
      "t_balanced": {
        "0": 0.006944444444444444,
        "2": 0.05555555555555555,
        "4": 0.9375
      },
      "constant": {
        "0": 0.3333333333333333,
        "2": 0.3333333333333333,
        "4": 0.3333333333333333
      },
      "exp(0.7)": {
        "0": 0.5780012716027976,
        "2": 0.28322062308537077,
        "4": 0.13877810531183166
      },
      "exp(0.5)": {
        "0": 0.7619047619047619,
        "2": 0.19047619047619047,